"number";"player";"team";"apps";"min";"goals";"NPG";"a";"xG";"NPxG";"xA";"xGChain";"xGBuildup";"xG90";"NPxG90";"xA90";"xG90xA90";"NPxG90xA90";"xGChain90";"xGBuildup90"
1;"Mohamed Salah";"Liverpool";38;3392;29;20;18;27.71;20.86;15.86;48.54;16.21;0.74;0.55;0.42;1.16;0.97;1.29;0.43
2;"Alexander Isak";"Newcastle United";34;2822;23;19;6;22.36;19.31;5.45;26.21;3.58;0.71;0.62;0.17;0.89;0.79;0.84;0.11
3;"Erling Haaland";"Manchester City";31;2749;22;19;3;23.95;20.91;3.58;22.85;3.54;0.78;0.68;0.12;0.9;0.8;0.75;0.12
4;"Chris Wood";"Nottingham Forest";36;3024;20;17;3;15.64;13.36;3.04;14.72;1.67;0.47;0.4;0.09;0.56;0.49;0.44;0.05
5;"Bryan Mbeumo";"Brentford";38;3419;20;15;7;13.63;9.07;10.38;24.38;9.35;0.36;0.24;0.27;0.63;0.51;0.64;0.25
6;"Yoane Wissa";"Brentford";35;2943;18;18;4;20.73;20.73;3.45;27.73;5.43;0.63;0.63;0.11;0.74;0.74;0.85;0.17
7;"Ollie Watkins";"Aston Villa";38;2666;16;14;8;18.63;17.11;3.88;18.9;3.29;0.63;0.58;0.13;0.76;0.71;0.64;0.11
8;"Matheus Cunha";"Wolverhampton Wanderers";33;2617;15;15;6;8.45;8.45;7.41;18.02;7.1;0.29;0.29;0.25;0.55;0.55;0.62;0.24
9;"Cole Palmer";"Chelsea";37;3228;15;11;8;15.77;11.97;12.95;30;9.8;0.44;0.33;0.36;0.8;0.69;0.84;0.27
10;"Jean-Philippe Mateta";"Crystal Palace";37;2690;14;12;2;15.83;14.31;3.85;18.6;3.61;0.53;0.48;0.13;0.66;0.61;0.62;0.12
11;"Jørgen Strand Larsen";"Wolverhampton Wanderers";35;2624;14;14;4;11.69;11.69;3.36;16.57;3.45;0.4;0.4;0.12;0.52;0.52;0.57;0.12
12;"Jarrod Bowen";"West Ham";34;2993;13;12;8;9.82;9.05;7.63;15.46;3.26;0.3;0.27;0.23;0.52;0.5;0.46;0.1
13;"Luis Díaz";"Liverpool";36;2433;13;13;5;12.36;12.36;6.25;27.06;10.24;0.46;0.46;0.23;0.69;0.69;1;0.38
14;"Raúl Jiménez";"Fulham";38;2531;12;9;3;14.41;12.12;4.08;17.43;5.4;0.51;0.43;0.15;0.66;0.58;0.62;0.19
15;"Justin Kluivert";"Bournemouth";34;2390;12;6;6;10.44;5.87;5.51;15.82;6.4;0.39;0.22;0.21;0.6;0.43;0.6;0.24
16;"Liam Delap";"Ipswich";37;2671;12;10;2;11.93;10.41;2.78;14.71;3.15;0.4;0.35;0.09;0.5;0.44;0.5;0.11
17;"Kevin Schade";"Brentford";38;2332;11;11;2;9.47;9.47;3.71;15.77;4.11;0.37;0.37;0.14;0.51;0.51;0.61;0.16
18;"Brennan Johnson";"Tottenham";33;2178;11;11;3;11.16;11.16;2.95;16.48;3.75;0.46;0.46;0.12;0.58;0.58;0.68;0.15
19;"Antoine Semenyo";"Bournemouth";37;3219;11;11;5;14.55;14.55;6.61;26.18;7.88;0.41;0.41;0.18;0.59;0.59;0.73;0.22
20;"Danny Welbeck";"Brighton";30;2152;10;9;4;10.46;9.69;2.08;15.52;5.87;0.44;0.41;0.09;0.52;0.49;0.65;0.25
21;"João Pedro";"Brighton";27;1975;10;5;6;8.86;5.06;5.62;15.91;7.65;0.4;0.23;0.26;0.66;0.49;0.73;0.35
22;"Nicolas Jackson";"Chelsea";30;2294;10;10;5;13.83;13.83;3.47;16.9;3.08;0.54;0.54;0.14;0.68;0.68;0.66;0.12
23;"Kaoru Mitoma";"Brighton";36;2608;10;10;4;10.22;10.22;4.95;21.41;8.43;0.35;0.35;0.17;0.52;0.52;0.74;0.29
24;"Cody Gakpo";"Liverpool";35;1970;10;10;4;8.6;8.6;6.26;22.09;8.68;0.39;0.39;0.29;0.68;0.68;1.01;0.4
25;"Evanilson";"Bournemouth";31;2376;10;10;1;13.71;12.95;1.92;15.39;2.79;0.52;0.49;0.07;0.59;0.56;0.58;0.11
26;"Alex Iwobi";"Fulham";38;3023;9;9;6;5.02;5.02;8.46;21.48;10.65;0.15;0.15;0.25;0.4;0.4;0.64;0.32
27;"Jamie Vardy";"Leicester";35;2890;9;8;4;12.22;10.7;3.74;14.04;0.99;0.38;0.33;0.12;0.5;0.45;0.44;0.03
28;"Dominic Solanke";"Tottenham";27;2220;9;8;3;12.42;11.65;2.46;16.3;4.28;0.5;0.47;0.1;0.6;0.57;0.66;0.17
29;"Kai Havertz";"Arsenal";23;1880;9;9;3;11.83;11.83;2.95;16.02;4.7;0.57;0.57;0.14;0.71;0.71;0.77;0.22
30;"Harvey Barnes";"Newcastle United";33;1740;9;9;4;7.7;7.7;4.35;13.82;3.19;0.4;0.4;0.23;0.62;0.62;0.71;0.17
31;"James Maddison";"Tottenham";31;1851;9;9;7;5.89;5.89;6.02;15.66;7.84;0.29;0.29;0.29;0.58;0.58;0.76;0.38
32;"Tomas Soucek";"West Ham";35;2586;9;9;1;8.07;8.07;0.95;13.59;5.36;0.28;0.28;0.03;0.31;0.31;0.47;0.19
33;"Iliman Ndiaye";"Everton";33;2478;9;7;0;7.09;5.57;1.91;11.51;5.19;0.26;0.2;0.07;0.33;0.27;0.42;0.19
34;"Bruno Fernandes";"Manchester United";36;3034;8;5;10;9.89;7.6;10.23;24.23;13.64;0.29;0.23;0.3;0.6;0.53;0.72;0.4
35;"Ismaila Sarr";"Crystal Palace";38;2738;8;8;6;12.31;12.31;10.06;24.24;7.31;0.4;0.4;0.33;0.74;0.74;0.8;0.24
36;"Jacob Murphy";"Newcastle United";35;2443;8;8;11;6.59;6.59;9.34;18.84;4.91;0.24;0.24;0.34;0.59;0.59;0.69;0.18
37;"Leandro Trossard";"Arsenal";38;2569;8;8;7;8.74;8.74;7.04;18.95;7.05;0.31;0.31;0.25;0.55;0.55;0.66;0.25
38;"Gabriel Martinelli";"Arsenal";33;2310;8;8;4;9.21;9.21;5.26;16.83;4.39;0.36;0.36;0.21;0.56;0.56;0.66;0.17
39;"Amad Diallo Traore";"Manchester United";26;1887;8;8;6;4.75;4.75;4.76;12.26;5.41;0.23;0.23;0.23;0.45;0.45;0.58;0.26
40;"Eberechi Eze";"Crystal Palace";34;2635;8;7;8;9.88;8.35;7.02;18.76;8.68;0.34;0.29;0.24;0.58;0.53;0.64;0.3
41;"Beto";"Everton";30;1520;8;8;0;9.27;9.27;1.39;8.32;1.12;0.55;0.55;0.08;0.63;0.63;0.49;0.07
42;"Rodrigo Muniz";"Fulham";31;922;8;8;1;6.84;6.84;0.78;7.69;1.79;0.67;0.67;0.08;0.74;0.74;0.75;0.17
43;"Morgan Rogers";"Aston Villa";37;3191;8;8;10;8.22;8.22;8.15;21.38;8.9;0.23;0.23;0.23;0.46;0.46;0.6;0.25
44;"Son Heung-Min";"Tottenham";30;2135;7;6;9;7.91;6.38;9.04;18.79;6.86;0.33;0.27;0.38;0.71;0.65;0.79;0.29
45;"Mikel Merino";"Arsenal";28;1578;7;7;2;6.87;6.87;2.17;11.01;5.77;0.39;0.39;0.12;0.52;0.52;0.63;0.33
46;"Phil Foden";"Manchester City";28;1770;7;7;2;6.18;6.18;5.38;13.73;5.45;0.31;0.31;0.27;0.59;0.59;0.7;0.28
47;"Dejan Kulusevski";"Tottenham";32;2391;7;7;4;5.52;5.52;6.5;16.01;5.77;0.21;0.21;0.24;0.45;0.45;0.6;0.22
48;"Morgan Gibbs-White";"Nottingham Forest";34;2868;7;7;8;6.14;6.14;6.11;17.93;10.13;0.19;0.19;0.19;0.38;0.38;0.56;0.32
49;"Omar Marmoush";"Manchester City";16;1195;7;7;0;5.65;5.65;2.68;9.66;2.6;0.43;0.43;0.2;0.63;0.63;0.73;0.2
50;"Dango Ouattara";"Bournemouth";32;2013;7;7;4;10.93;10.93;5.99;18.48;4.44;0.49;0.49;0.27;0.76;0.76;0.83;0.2
51;"Noni Madueke";"Chelsea";32;2113;7;7;3;11.86;11.86;3.12;18.67;6.73;0.51;0.51;0.13;0.64;0.64;0.8;0.29
52;"Jhon Durán";"Aston Villa";20;563;7;7;0;5.1;5.1;0.23;5.69;1.42;0.82;0.82;0.04;0.85;0.85;0.91;0.23
53;"Marcus Rashford";"Aston Villa,Manchester United";25;1435;6;5;3;4.99;4.22;4.73;10.03;3.51;0.31;0.26;0.3;0.61;0.56;0.63;0.22
54;"Mateo Kovacic";"Manchester City";31;2220;6;6;2;1.81;1.81;3.69;16.83;13.35;0.07;0.07;0.15;0.22;0.22;0.68;0.54
55;"Harry Wilson";"Fulham";25;1150;6;6;1;3.61;3.61;1.46;6.67;2.52;0.28;0.28;0.11;0.4;0.4;0.52;0.2
56;"Diogo Jota";"Liverpool";26;1188;6;6;3;10.21;10.21;1.85;13.05;3.04;0.77;0.77;0.14;0.91;0.91;0.99;0.23
57;"Emile Smith-Rowe";"Fulham";34;2101;6;6;3;5.26;5.26;2.43;12.51;6.86;0.23;0.23;0.1;0.33;0.33;0.54;0.29
58;"Bukayo Saka";"Arsenal";25;1763;6;5;10;8.94;8.18;11.58;16.46;6.02;0.46;0.42;0.59;1.05;1.01;0.84;0.31
59;"Anthony Gordon";"Newcastle United";34;2474;6;5;5;9.2;7.67;4.82;15.26;6.3;0.33;0.28;0.18;0.51;0.45;0.55;0.23
60;"Anthony Elanga";"Nottingham Forest";38;2549;6;6;11;5.92;5.92;6.61;12.85;4.03;0.21;0.21;0.23;0.44;0.44;0.45;0.14
61;"Dominik Szoboszlai";"Liverpool";36;2519;6;6;6;7.01;7.01;7.86;27.47;15.59;0.25;0.25;0.28;0.53;0.53;0.98;0.56
62;"Alejandro Garnacho";"Manchester United";36;2176;6;6;2;9.44;9.44;3.47;16.77;5.79;0.39;0.39;0.14;0.53;0.53;0.69;0.24
63;"Enzo Fernández";"Chelsea";36;2941;6;6;7;6.13;6.13;7.74;20.85;10.73;0.19;0.19;0.24;0.42;0.42;0.64;0.33
64;"Yankuba Minteh";"Brighton";32;1832;6;6;4;5.67;5.67;4.87;14.35;4.9;0.28;0.28;0.24;0.52;0.52;0.7;0.24
65;"Jordan Ayew";"Crystal Palace,Leicester";31;1688;5;4;0;4.34;3.58;1.91;5.81;2.69;0.23;0.19;0.1;0.33;0.29;0.31;0.14
66;"Nikola Milenkovic";"Nottingham Forest";37;3330;5;5;2;4.57;4.57;1.04;5.97;4.91;0.12;0.12;0.03;0.15;0.15;0.16;0.13
67;"Callum Hudson-Odoi";"Nottingham Forest";31;2221;5;5;2;2.51;2.51;2.95;11.85;8;0.1;0.1;0.12;0.22;0.22;0.48;0.32
68;"Georginio Rutter";"Brighton";28;1679;5;5;3;5.68;5.68;3.13;10.18;2.8;0.3;0.3;0.17;0.47;0.47;0.55;0.15
69;"Christian Nørgaard";"Brentford";34;2870;5;5;4;5.77;5.77;1.92;14.6;11.12;0.18;0.18;0.06;0.24;0.24;0.46;0.35
70;"Marc Cucurella";"Chelsea";36;3006;5;5;1;3.16;3.16;1.81;15.49;12.08;0.09;0.09;0.05;0.15;0.15;0.46;0.36
71;"Bruno Guimarães";"Newcastle United";38;3321;5;5;6;4.7;4.7;6.58;20.82;14.02;0.13;0.13;0.18;0.31;0.31;0.56;0.38
72;"Alexis Mac Allister";"Liverpool";35;2621;5;5;5;3.57;3.57;4.89;23.36;19.07;0.12;0.12;0.17;0.29;0.29;0.8;0.65
73;"Josko Gvardiol";"Manchester City";37;3277;5;5;0;4.61;4.61;2.06;22.94;18.75;0.13;0.13;0.06;0.18;0.18;0.63;0.51
74;"Darwin Núñez";"Liverpool";30;1072;5;5;2;6.91;6.91;1.74;11.7;3.61;0.58;0.58;0.15;0.73;0.73;0.98;0.3
75;"Jack Hinshelwood";"Brighton";26;1857;5;5;2;3.25;3.25;1.42;9.03;7.11;0.16;0.16;0.07;0.23;0.23;0.44;0.34
76;"Facundo Buonanotte";"Leicester";31;1498;5;5;2;4.36;4.36;3.35;7.76;3.1;0.26;0.26;0.2;0.46;0.46;0.47;0.19
77;"Mohammed Kudus";"West Ham";32;2634;5;5;3;7.22;7.22;3.73;15.98;6.22;0.25;0.25;0.13;0.37;0.37;0.55;0.21
78;"Fabian Schär";"Newcastle United";34;2938;4;4;0;4.2;4.2;0.39;9.68;8.51;0.13;0.13;0.01;0.14;0.14;0.3;0.26
79;"Joelinton";"Newcastle United";29;2435;4;4;3;4.27;4.27;2.49;16.41;11.3;0.16;0.16;0.09;0.25;0.25;0.61;0.42
80;"Kevin De Bruyne";"Manchester City";28;1706;4;4;7;5.54;5.54;8.93;18.81;8.7;0.29;0.29;0.47;0.76;0.76;0.99;0.46
81;"Thomas Partey";"Arsenal";35;2810;4;4;2;2.39;2.39;2.58;16.35;14.68;0.08;0.08;0.08;0.16;0.16;0.52;0.47
82;"Bernardo Silva";"Manchester City";33;2660;4;4;4;4.79;4.79;5;19.42;13.02;0.16;0.16;0.17;0.33;0.33;0.66;0.44
83;"Declan Rice";"Arsenal";35;2848;4;4;7;3.63;3.63;9.06;17.24;10.36;0.11;0.11;0.29;0.4;0.4;0.54;0.33
84;"Richarlison";"Tottenham";15;471;4;4;1;4.3;4.3;0.82;3.52;0.08;0.82;0.82;0.16;0.98;0.98;0.67;0.02
85;"Pedro Neto";"Chelsea";35;2238;4;4;6;4.42;4.42;6.57;14.43;6.6;0.18;0.18;0.26;0.44;0.44;0.58;0.27
86;"Rayan Ait Nouri";"Wolverhampton Wanderers";37;3180;4;4;7;3.61;3.61;5.46;13.97;7.9;0.1;0.1;0.15;0.26;0.26;0.4;0.22
87;"Dwight McNeil";"Everton";21;1374;4;4;6;1.51;1.51;6.04;8.58;3.56;0.1;0.1;0.4;0.49;0.49;0.56;0.23
88;"Ryan Sessegnon";"Fulham";16;576;4;4;2;2.48;2.48;1.31;5.21;1.86;0.39;0.39;0.21;0.59;0.59;0.81;0.29
89;"Lucas Paquetá";"West Ham";33;2398;4;2;0;5.13;3.61;2.73;10.57;5.7;0.19;0.14;0.1;0.3;0.24;0.4;0.21
90;"Stephy Mavididi";"Leicester";30;1586;4;4;1;3.39;3.39;2.58;9.1;5.08;0.19;0.19;0.15;0.34;0.34;0.52;0.29
91;"Sandro Tonali";"Newcastle United";36;2619;4;4;2;4.24;4.24;2.18;15.48;11.2;0.15;0.15;0.07;0.22;0.22;0.53;0.38
92;"Rasmus Højlund";"Manchester United";32;2032;4;4;0;5.87;5.87;2.14;8.61;2.43;0.26;0.26;0.09;0.35;0.35;0.38;0.11
93;"Ethan Nwaneri";"Arsenal";26;883;4;4;2;1.78;1.78;1.16;4.73;2.75;0.18;0.18;0.12;0.3;0.3;0.48;0.28
94;"Paul Onuachu";"Southampton";25;1015;4;4;1;4.89;4.89;0.52;5.48;0.93;0.43;0.43;0.05;0.48;0.48;0.49;0.08
95;"Daniel Muñoz";"Crystal Palace";37;3237;4;4;5;5.79;5.79;5.94;17.36;7.91;0.16;0.16;0.17;0.33;0.33;0.48;0.22
96;"Sammie Szmodics";"Ipswich";20;1025;4;4;0;4.51;4.51;0.19;5.37;0.73;0.4;0.4;0.02;0.41;0.41;0.47;0.06
97;"Ross Barkley";"Aston Villa";20;507;3;3;1;2.16;2.16;0.97;4.78;3.27;0.38;0.38;0.17;0.56;0.56;0.85;0.58
98;"Virgil van Dijk";"Liverpool";37;3330;3;3;1;2.82;2.82;1.21;22.3;21.52;0.08;0.08;0.03;0.11;0.11;0.6;0.58
99;"Michael Keane";"Everton";14;1043;3;3;0;1.13;1.13;0.12;1.28;1.25;0.1;0.1;0.01;0.11;0.11;0.11;0.11
100;"Abdoulaye Doucouré";"Everton";33;2619;3;3;2;4.05;4.05;2.32;9.9;4.92;0.14;0.14;0.08;0.22;0.22;0.34;0.17
101;"Trent Alexander-Arnold";"Liverpool";33;2405;3;3;6;1.89;1.89;8.06;20.09;13.78;0.07;0.07;0.3;0.37;0.37;0.75;0.52
102;"Marco Asensio";"Aston Villa";13;751;3;3;1;4.56;3.03;1.26;4.53;2.19;0.55;0.36;0.15;0.7;0.52;0.54;0.26
103;"Pablo Sarabia";"Wolverhampton Wanderers";23;788;3;3;2;2.18;2.18;1.96;5.34;1.81;0.25;0.25;0.22;0.47;0.47;0.61;0.21
104;"Martin Odegaard";"Arsenal";30;2343;3;2;8;5.64;4.87;7.85;19.58;11.76;0.22;0.19;0.3;0.52;0.49;0.75;0.45
105;"Christopher Nkunku";"Chelsea";27;878;3;3;2;5.03;5.03;2.01;6.77;1.95;0.52;0.52;0.21;0.72;0.72;0.69;0.2
106;"Gabriel Jesus";"Arsenal";17;581;3;3;0;3.38;3.38;0.55;4.95;2.05;0.52;0.52;0.09;0.61;0.61;0.77;0.32
107;"Dominic Calvert-Lewin";"Everton";26;1625;3;3;1;8.58;8.58;0.74;7.68;1.29;0.48;0.48;0.04;0.52;0.52;0.43;0.07
108;"Gabriel";"Arsenal";28;2376;3;3;1;4.3;4.3;1.22;11.28;10.17;0.16;0.16;0.05;0.21;0.21;0.43;0.39
109;"Youri Tielemans";"Aston Villa";36;3049;3;3;7;3.71;2.95;8.04;21.23;16.21;0.11;0.09;0.24;0.35;0.32;0.63;0.48
110;"Niclas Füllkrug";"West Ham";18;775;3;3;2;2.16;2.16;2.08;4.4;2.04;0.25;0.25;0.24;0.49;0.49;0.51;0.24
111;"Jadon Sancho";"Chelsea";31;1760;3;3;4;2.42;2.42;4.31;10.86;5.6;0.12;0.12;0.22;0.34;0.34;0.56;0.29
112;"Eddie Nketiah";"Crystal Palace";29;984;3;3;1;7.15;7.15;1.39;9.5;2.19;0.65;0.65;0.13;0.78;0.78;0.87;0.2
113;"Trevoh Chalobah";"Chelsea,Crystal Palace";25;1983;3;3;1;2.55;2.55;2.15;6.11;5.53;0.12;0.12;0.1;0.21;0.21;0.28;0.25
114;"Curtis Jones";"Liverpool";33;1719;3;3;3;4.57;4.57;1.75;12.46;7.7;0.24;0.24;0.09;0.33;0.33;0.65;0.4
115;"Marc Guehi";"Crystal Palace";34;3060;3;3;2;2.96;2.96;2.13;8.63;7.74;0.09;0.09;0.06;0.15;0.15;0.25;0.23
116;"Joshua Zirkzee";"Manchester United";32;1378;3;3;1;5.22;5.22;2.01;9.03;2.96;0.34;0.34;0.13;0.47;0.47;0.59;0.19
117;"George Hirst";"Ipswich";26;609;3;3;1;2.75;2.75;0.4;4.23;1.24;0.41;0.41;0.06;0.47;0.47;0.63;0.18
118;"Jéremy Doku";"Manchester City";29;1518;3;3;6;1.89;1.89;4.65;10.57;5.7;0.11;0.11;0.28;0.39;0.39;0.63;0.34
119;"Pape Sarr";"Tottenham";36;1913;3;3;2;3.99;3.99;2.02;11.25;7.26;0.19;0.19;0.09;0.28;0.28;0.53;0.34
120;"Amadou Onana";"Aston Villa";26;1650;3;3;0;2.58;2.58;0.68;9.02;8.54;0.14;0.14;0.04;0.18;0.18;0.49;0.47
121;"Donyell Malen";"Aston Villa";14;265;3;3;0;3.02;3.02;0.18;3.27;0.12;1.03;1.03;0.06;1.09;1.09;1.11;0.04
122;"James McAtee";"Manchester City";15;341;3;3;0;2.57;2.57;0.85;3.39;0.73;0.68;0.68;0.23;0.9;0.9;0.9;0.19
123;"Omari Hutchinson";"Ipswich";31;2620;3;3;2;3.52;3.52;3.37;10.52;4.67;0.12;0.12;0.12;0.24;0.24;0.36;0.16
124;"Carlos Baleba";"Brighton";34;2717;3;3;1;2.88;2.88;1.63;16.69;13.26;0.1;0.1;0.05;0.15;0.15;0.55;0.44
125;"Marcus Tavernier";"Bournemouth";29;1930;3;3;5;6.41;6.41;5.2;16.51;8.33;0.3;0.3;0.24;0.54;0.54;0.77;0.39
126;"Joe Ayodele-Aribo";"Southampton";32;2019;3;3;0;2.93;2.93;1.76;6.91;3.73;0.13;0.13;0.08;0.21;0.21;0.31;0.17
127;"João Gomes";"Wolverhampton Wanderers";36;3034;3;3;1;2.87;2.87;1.2;13.4;10.57;0.09;0.09;0.04;0.12;0.12;0.4;0.31
128;"Dean Huijsen";"Bournemouth";32;2403;3;3;2;1.57;1.57;2.33;11.55;10.04;0.06;0.06;0.09;0.15;0.15;0.43;0.38
129;"Jota Silva";"Nottingham Forest";31;799;3;3;1;2.74;2.74;3.36;4.37;0.88;0.31;0.31;0.38;0.69;0.69;0.49;0.1
130;"John Stones";"Manchester City";11;539;2;2;0;0.67;0.67;0.08;2.67;2.67;0.11;0.11;0.01;0.13;0.13;0.45;0.45
131;"Ola Aina";"Nottingham Forest";35;3020;2;2;1;0.46;0.46;2.05;10.09;8.55;0.01;0.01;0.06;0.07;0.07;0.3;0.25
132;"Adama Traoré";"Fulham";36;1761;2;2;7;5.66;5.66;6.42;15.52;5.08;0.29;0.29;0.33;0.62;0.62;0.79;0.26
133;"Andreas Pereira";"Fulham";33;2063;2;2;4;4.45;3.69;5.72;12.64;7.43;0.19;0.16;0.25;0.44;0.41;0.55;0.32
134;"Emerson";"West Ham";31;2167;2;2;1;2.13;2.13;1.21;6.63;3.93;0.09;0.09;0.05;0.14;0.14;0.28;0.16
135;"Adam Armstrong";"Southampton";20;1282;2;2;2;3.93;3.17;2.01;6.04;1.95;0.28;0.22;0.14;0.42;0.36;0.42;0.14
136;"Aaron Wan-Bissaka";"West Ham";36;3156;2;2;5;1.35;1.35;4.09;12.05;8.27;0.04;0.04;0.12;0.16;0.16;0.34;0.24
137;"Yves Bissouma";"Tottenham";28;1404;2;2;0;0.45;0.45;0.29;5.61;5.17;0.03;0.03;0.02;0.05;0.05;0.36;0.33
138;"Gonçalo Guedes";"Wolverhampton Wanderers";29;968;2;2;4;3.33;3.33;1.43;5.65;1.74;0.31;0.31;0.13;0.44;0.44;0.53;0.16
139;"Jan Bednarek";"Southampton";30;2538;2;2;0;1.03;1.03;0.35;6.62;6.19;0.04;0.04;0.01;0.05;0.05;0.23;0.22
140;"Rodrigo Bentancur";"Tottenham";26;1674;2;2;0;1.3;1.3;0.35;8.43;7.86;0.07;0.07;0.02;0.09;0.09;0.45;0.42
141;"Enes Ünal";"Bournemouth";17;292;2;2;1;2.02;2.02;0.55;2.63;0.93;0.62;0.62;0.17;0.79;0.79;0.81;0.29
142;"David Brooks";"Bournemouth";29;937;2;2;0;2.87;2.87;1.77;6.46;3.16;0.28;0.28;0.17;0.45;0.45;0.62;0.3
143;"Tom Cairney";"Fulham";25;568;2;2;0;0.8;0.8;1.63;6.08;5.43;0.13;0.13;0.26;0.38;0.38;0.96;0.86
144;"Matt Doherty";"Wolverhampton Wanderers";30;2140;2;2;1;1.58;1.58;1.72;8.06;6.34;0.07;0.07;0.07;0.14;0.14;0.34;0.27
145;"William Saliba";"Arsenal";35;3044;2;2;0;3.2;3.2;0.75;14.35;14.3;0.09;0.09;0.02;0.12;0.12;0.42;0.42
146;"Pedro Porro";"Tottenham";33;2611;2;2;6;1.84;1.84;6.58;15.45;12;0.06;0.06;0.23;0.29;0.29;0.53;0.41
147;"Ezri Konsa Ngoyo";"Aston Villa";34;2934;2;2;0;1.1;1.1;0.41;9.74;9.22;0.03;0.03;0.01;0.05;0.05;0.3;0.28
148;"James Justin";"Leicester";36;2937;2;2;2;2.05;2.05;0.96;6.92;5.92;0.06;0.06;0.03;0.09;0.09;0.21;0.18
149;"Jean-Ricner Bellegarde";"Wolverhampton Wanderers";35;1693;2;2;7;1.79;1.79;4.05;9.27;4.41;0.1;0.1;0.22;0.31;0.31;0.49;0.23
150;"Matthijs de Ligt";"Manchester United";29;2141;2;2;0;2.87;2.87;0.28;5.25;4.99;0.12;0.12;0.01;0.13;0.13;0.22;0.21
151;"Marshall Munetsi";"Wolverhampton Wanderers";14;1076;2;2;1;2.83;2.83;1.99;5.9;1.37;0.24;0.24;0.17;0.4;0.4;0.49;0.11
152;"Riccardo Calafiori";"Arsenal";19;986;2;2;1;0.77;0.77;0.41;4.12;3.77;0.07;0.07;0.04;0.11;0.11;0.38;0.34
153;"Tariq Lamptey";"Brighton";15;870;2;2;2;0.34;0.34;0.9;2.26;1.44;0.04;0.04;0.09;0.13;0.13;0.23;0.15
154;"Hee-Chan Hwang";"Wolverhampton Wanderers";21;623;2;2;0;0.8;0.8;0.29;2.01;0.96;0.12;0.12;0.04;0.16;0.16;0.29;0.14
155;"Mikkel Damsgaard";"Brentford";38;2978;2;2;9;3.48;3.48;9.25;19.43;11.85;0.11;0.11;0.28;0.38;0.38;0.59;0.36
156;"Elliot Anderson";"Nottingham Forest";37;2773;2;2;6;2.23;2.23;4.13;9.88;6.36;0.07;0.07;0.13;0.21;0.21;0.32;0.21
157;"Nathan Broadhead";"Ipswich";18;677;2;2;0;1.83;1.83;0.84;4.23;2.16;0.24;0.24;0.11;0.35;0.35;0.56;0.29
158;"Jaden Philogene-Bidace";"Aston Villa,Ipswich";21;786;2;2;0;2.8;2.8;0.33;3.05;1.6;0.32;0.32;0.04;0.36;0.36;0.35;0.18
159;"Fabio Carvalho";"Brentford";19;399;2;2;1;2.35;2.35;0.68;4.79;1.76;0.53;0.53;0.15;0.68;0.68;1.08;0.4
160;"Ethan Pinnock";"Brentford";22;1912;2;2;0;0.94;0.94;1.51;8.14;7.11;0.04;0.04;0.07;0.12;0.12;0.38;0.33
161;"Nathan Collins";"Brentford";38;3420;2;2;3;2.65;2.65;1.97;10.9;10.05;0.07;0.07;0.05;0.12;0.12;0.29;0.26
162;"Mathys Tel";"Tottenham";13;920;2;1;1;2.8;2.04;2.51;5.11;1.66;0.27;0.2;0.25;0.52;0.44;0.5;0.16
163;"Cameron Archer";"Southampton";35;1409;2;2;0;6.93;6.17;0.47;7.47;1.92;0.44;0.39;0.03;0.47;0.42;0.48;0.12
164;"Tyler Dibling";"Southampton";33;1860;2;2;0;3.09;3.09;1.98;8.59;4.7;0.15;0.15;0.1;0.25;0.25;0.42;0.23
165;"Ryan Christie";"Bournemouth";29;2150;2;2;3;1.63;1.63;3.82;9.73;6.2;0.07;0.07;0.16;0.23;0.23;0.41;0.26
166;"Lisandro Martínez";"Manchester United";20;1762;2;2;1;1.69;1.69;1.36;9.64;8.23;0.09;0.09;0.07;0.16;0.16;0.49;0.42
167;"Levi Colwill";"Chelsea";35;3150;2;2;1;2.49;2.49;1.07;15.16;13.84;0.07;0.07;0.03;0.1;0.1;0.43;0.4
168;"Ryan Yates";"Nottingham Forest";35;1883;2;2;1;2.86;2.86;1.08;6.06;4.18;0.14;0.14;0.05;0.19;0.19;0.29;0.2
169;"Julio Enciso";"Brighton,Ipswich";25;1168;2;2;3;2.74;2.74;2.23;6.23;2.79;0.21;0.21;0.17;0.38;0.38;0.48;0.21
170;"Carlos Alcaraz";"Everton,Southampton";16;753;2;2;3;1.66;1.66;2.29;3.91;0.64;0.2;0.2;0.27;0.47;0.47;0.47;0.08
171;"Yasin Ayari";"Brighton";34;1977;2;2;1;2.23;2.23;3.11;10.21;7.5;0.1;0.1;0.14;0.24;0.24;0.46;0.34
172;"Nico O'Reilly";"Manchester City";9;526;2;2;0;1.1;1.1;0.26;2.75;1.65;0.19;0.19;0.04;0.23;0.23;0.47;0.28
173;"Milos Kerkez";"Bournemouth";38;3359;2;2;5;0.74;0.74;4.91;13.39;9.97;0.02;0.02;0.13;0.15;0.15;0.36;0.27
174;"Simon Adingra";"Brighton";29;1081;2;2;2;3.14;3.14;2.07;5.76;2.17;0.26;0.26;0.17;0.43;0.43;0.48;0.18
175;"Jake O'Brien";"Everton";20;1561;2;2;0;1.22;1.22;0.67;4.74;3.92;0.07;0.07;0.04;0.11;0.11;0.27;0.23
176;"Murillo";"Nottingham Forest";36;3199;2;2;0;1.95;1.95;1.39;5.37;4.55;0.05;0.05;0.04;0.09;0.09;0.15;0.13
177;"Rodrigo Gomes";"Wolverhampton Wanderers";25;756;2;2;0;0.68;0.68;0.98;1.94;0.32;0.08;0.08;0.12;0.2;0.2;0.23;0.04
178;"Mateus Fernandes";"Southampton";36;2964;2;2;4;5.01;5.01;3.85;12.35;6.98;0.15;0.15;0.12;0.27;0.27;0.38;0.21
179;"Bilal El Khannouss";"Leicester";32;2242;2;2;3;1.44;1.44;4.91;7.1;3.52;0.06;0.06;0.2;0.26;0.26;0.28;0.14
180;"Matt O'Riley";"Brighton";21;934;2;1;2;3.06;2.3;2.41;6.48;2.86;0.29;0.22;0.23;0.53;0.45;0.62;0.28
181;"Ilkay Gündogan";"Manchester City";33;2231;1;1;6;3.43;3.43;3.67;19.31;14.6;0.14;0.14;0.15;0.29;0.29;0.78;0.59
182;"Michail Antonio";"West Ham";14;859;1;1;1;2.99;2.99;1.6;5.19;1.75;0.31;0.31;0.17;0.48;0.48;0.54;0.18
183;"Ashley Young";"Everton";32;1824;1;1;3;0.25;0.25;2.94;4.87;3.15;0.01;0.01;0.14;0.16;0.16;0.24;0.16
184;"Christian Eriksen";"Manchester United";23;1043;1;0;2;1.33;0.57;3.24;7.57;6.65;0.11;0.05;0.28;0.39;0.33;0.65;0.57
185;"Jack Grealish";"Manchester City";20;689;1;1;1;1.27;1.27;1.92;6.74;4.15;0.17;0.17;0.25;0.42;0.42;0.88;0.54
186;"Ben Chilwell";"Crystal Palace";8;239;1;1;0;0.26;0.26;0.9;1.1;0.72;0.1;0.1;0.34;0.44;0.44;0.41;0.27
187;"James Ward-Prowse";"Nottingham Forest,West Ham";24;1449;1;1;2;1.29;1.29;3.26;5.54;2.91;0.08;0.08;0.2;0.28;0.28;0.34;0.18
188;"Danny Ings";"West Ham";15;235;1;1;2;1.77;1.77;1.15;2.83;0.22;0.68;0.68;0.44;1.12;1.12;1.09;0.08
189;"Mario Lemina";"Wolverhampton Wanderers";17;1366;1;1;3;1.19;1.19;1.29;5.34;3.87;0.08;0.08;0.08;0.16;0.16;0.35;0.26
190;"James Tarkowski";"Everton";33;2926;1;1;1;1.27;1.27;2.8;5.21;4.63;0.04;0.04;0.09;0.12;0.12;0.16;0.14
191;"Harry Maguire";"Manchester United";27;1752;1;1;0;2.34;2.34;0.93;5.21;3.67;0.12;0.12;0.05;0.17;0.17;0.27;0.19
192;"Jack Stephens";"Southampton";19;1418;1;1;0;0.67;0.67;0.29;3.42;3.38;0.04;0.04;0.02;0.06;0.06;0.22;0.21
193;"Lewis Cook";"Bournemouth";36;2978;1;1;3;0.96;0.96;4.59;12.71;10.71;0.03;0.03;0.14;0.17;0.17;0.38;0.32
194;"Casemiro";"Manchester United";24;1519;1;1;0;1.94;1.94;2.17;7.13;5.04;0.11;0.11;0.13;0.24;0.24;0.42;0.3
195;"Carlos Soler";"West Ham";31;1422;1;1;1;2.29;2.29;1.09;5.29;2.44;0.15;0.15;0.07;0.21;0.21;0.33;0.15
196;"Estupiñán";"Brighton";30;2404;1;1;1;1.32;1.32;2.32;12.3;10.62;0.05;0.05;0.09;0.14;0.14;0.46;0.4
197;"Leon Bailey";"Aston Villa";24;1152;1;1;2;2.87;2.87;2.37;6.29;2.28;0.22;0.22;0.19;0.41;0.41;0.49;0.18
198;"Tosin Adarabioyo";"Chelsea";22;1410;1;1;1;1.19;1.19;0.33;8.57;8.55;0.08;0.08;0.02;0.1;0.1;0.55;0.55
199;"Boubacar Kamara";"Aston Villa";26;1744;1;1;0;0.79;0.79;0.9;7.01;5.89;0.04;0.04;0.05;0.09;0.09;0.36;0.3
200;"Orel Mangala";"Everton";19;1254;1;1;0;0.71;0.71;0.49;2.85;2.01;0.05;0.05;0.04;0.09;0.09;0.2;0.14
201;"Ibrahima Konaté";"Liverpool";31;2578;1;1;2;1.86;1.86;1.03;17.32;16.64;0.06;0.06;0.04;0.1;0.1;0.6;0.58
202;"Ben Johnson";"Ipswich";23;1327;1;1;2;1.46;1.46;2.17;4.2;1.29;0.1;0.1;0.15;0.25;0.25;0.29;0.09
203;"Reiss Nelson";"Arsenal,Fulham";12;491;1;1;1;1.42;1.42;1.13;4.73;3.08;0.26;0.26;0.21;0.47;0.47;0.87;0.56
204;"Bobby Reid";"Leicester";23;729;1;1;2;0.67;0.67;1.09;1.5;0.73;0.08;0.08;0.14;0.22;0.22;0.19;0.09
205;"Conor Coady";"Leicester";22;1710;1;1;0;0.64;0.64;0.07;5.11;4.5;0.03;0.03;0;0.04;0.04;0.27;0.24
206;"Axel Disasi";"Aston Villa,Chelsea";13;844;1;1;0;0.62;0.62;0.34;2.51;2.22;0.07;0.07;0.04;0.1;0.1;0.27;0.24
207;"Cristian Romero";"Tottenham";18;1426;1;1;0;1.91;1.91;0.63;6.66;6.32;0.12;0.12;0.04;0.16;0.16;0.42;0.4
208;"Caleb Okoli";"Leicester";19;1113;1;1;0;0.87;0.87;0;2.48;2.46;0.07;0.07;0;0.07;0.07;0.2;0.2
209;"Dan Burn";"Newcastle United";37;3330;1;1;1;2.57;2.57;1.16;10.69;10.08;0.07;0.07;0.03;0.1;0.1;0.29;0.27
210;"Harvey Elliott";"Liverpool";18;320;1;1;2;1.67;1.67;1.28;4.18;2.2;0.47;0.47;0.36;0.83;0.83;1.18;0.62
211;"John McGinn";"Aston Villa";34;2247;1;1;4;3.79;3.79;3.48;11.84;7.25;0.15;0.15;0.14;0.29;0.29;0.47;0.29
212;"Mason Mount";"Manchester United";17;626;1;1;0;2.94;2.94;0.34;4.99;1.9;0.42;0.42;0.05;0.47;0.47;0.72;0.27
213;"Taiwo Awoniyi";"Nottingham Forest";26;363;1;1;0;2.42;2.42;0.09;2.96;0.45;0.6;0.6;0.02;0.62;0.62;0.73;0.11
214;"João Félix";"Chelsea";12;343;1;1;1;2.65;2.65;0.68;4.43;1.3;0.69;0.69;0.18;0.87;0.87;1.16;0.34
215;"Reece James";"Chelsea";19;1062;1;1;1;0.58;0.58;1.32;3.87;3.53;0.05;0.05;0.11;0.16;0.16;0.33;0.3
216;"Kieran Tierney";"Arsenal";13;227;1;1;0;0.92;0.92;1.2;1.97;0.97;0.37;0.37;0.48;0.84;0.84;0.78;0.39
217;"Neco Williams";"Nottingham Forest";35;2579;1;1;3;3;3;1.7;8.46;5.08;0.1;0.1;0.06;0.16;0.16;0.3;0.18
218;"William Smallbone";"Southampton";18;657;1;1;0;0.69;0.69;0.59;2.88;2.29;0.09;0.09;0.08;0.17;0.17;0.39;0.31
219;"Chris Richards";"Crystal Palace";24;1925;1;1;0;1.7;1.7;0.11;4.32;4.21;0.08;0.08;0.01;0.08;0.08;0.2;0.2
220;"Taylor Harwood-Bellis";"Southampton";34;2832;1;1;0;2.2;2.2;1.99;7.38;6.12;0.07;0.07;0.06;0.13;0.13;0.23;0.19
221;"Wout Faes";"Leicester";34;2799;1;1;0;1.56;1.56;0.17;5.01;4.81;0.05;0.05;0.01;0.06;0.06;0.16;0.15
222;"Jack Harrison";"Everton";34;2102;1;1;0;3.38;3.38;3.65;7.76;2.74;0.14;0.14;0.16;0.3;0.3;0.33;0.12
223;"Maxence Lacroix";"Crystal Palace";35;3126;1;1;1;2.75;2.75;1.69;8.14;6.94;0.08;0.08;0.05;0.13;0.13;0.23;0.2
224;"Matthew Cash";"Aston Villa";27;2085;1;1;1;0.5;0.5;1.49;7.09;6.57;0.02;0.02;0.06;0.09;0.09;0.31;0.28
225;"Leif Davis";"Ipswich";33;2760;1;1;2;0.8;0.8;6.06;7.27;4.01;0.03;0.03;0.2;0.22;0.22;0.24;0.13
226;"Jacob Ramsey";"Aston Villa";29;1665;1;1;3;1.45;1.45;2.89;9.21;5.76;0.08;0.08;0.16;0.23;0.23;0.5;0.31
227;"Chimuanya Ugochukwu";"Southampton";26;1689;1;1;1;0.82;0.82;0.97;4.16;3.46;0.04;0.04;0.05;0.1;0.1;0.22;0.18
228;"Moisés Caicedo";"Chelsea";38;3381;1;1;2;0.69;0.69;2.92;19.78;17.51;0.02;0.02;0.08;0.1;0.1;0.53;0.47
229;"Crysencio Summerville";"West Ham";19;760;1;1;1;1.81;1.81;2.16;4.35;1.18;0.21;0.21;0.26;0.47;0.47;0.52;0.14
230;"Daniel Jebbison";"Bournemouth";16;62;1;1;0;1.73;1.73;0.21;2.2;0.29;2.51;2.51;0.3;2.81;2.81;3.19;0.42
231;"William Osula";"Newcastle United";14;107;1;1;0;0.28;0.28;0.13;0.35;0.07;0.24;0.24;0.11;0.35;0.35;0.3;0.06
232;"Kamaldeen Sulemana";"Southampton";26;1405;1;1;1;1.56;1.56;1.26;3.28;1;0.1;0.1;0.08;0.18;0.18;0.21;0.06
233;"Vitaly Janelt";"Brentford";32;2303;1;1;3;0.95;0.95;2.36;8.97;5.99;0.04;0.04;0.09;0.13;0.13;0.35;0.23
234;"Patson Daka";"Leicester";23;686;1;1;0;1.77;1.77;0.03;1.96;0.16;0.23;0.23;0;0.24;0.24;0.26;0.02
235;"Nico González";"Manchester City";11;767;1;1;0;0.82;0.82;0.08;6.62;6.35;0.1;0.1;0.01;0.11;0.11;0.78;0.75
236;"Jakub Kiwior";"Arsenal";17;1102;1;1;0;0.21;0.21;0.51;3.44;3.28;0.02;0.02;0.04;0.06;0.06;0.28;0.27
237;"Kasey McAteer";"Leicester";18;854;1;1;1;1.45;1.45;0.91;3.96;1.79;0.15;0.15;0.1;0.25;0.25;0.42;0.19
238;"Evan Ferguson";"Brighton,West Ham";21;341;1;1;0;1.48;1.48;0.79;2.19;0.08;0.39;0.39;0.21;0.6;0.6;0.58;0.02
239;"Vitalii Mykolenko";"Everton";35;3085;1;1;2;0.6;0.6;3.03;8.05;5.36;0.02;0.02;0.09;0.11;0.11;0.23;0.16
240;"Jens Cajuste";"Ipswich";30;2019;1;1;1;0.61;0.61;0.62;5.96;5.01;0.03;0.03;0.03;0.06;0.06;0.27;0.22
241;"Djed Spence";"Tottenham";25;1784;1;1;2;0.42;0.42;1.85;6.89;6.01;0.02;0.02;0.09;0.11;0.11;0.35;0.3
242;"Jan Paul van Hecke";"Brighton";34;2962;1;1;1;1;1;1.56;14.85;13.81;0.03;0.03;0.05;0.08;0.08;0.45;0.42
243;"Keane Lewis-Potter";"Brentford";38;3131;1;1;3;3.26;3.26;3.34;9.6;5.59;0.09;0.09;0.1;0.19;0.19;0.28;0.16
244;"Wilson Odobert";"Tottenham";16;845;1;1;0;2.12;2.12;0.86;4.03;1.8;0.23;0.23;0.09;0.32;0.32;0.43;0.19
245;"Flynn Downes";"Southampton";27;2175;1;1;0;0.89;0.89;1.62;8.31;6.56;0.04;0.04;0.07;0.1;0.1;0.34;0.27
246;"Rico Lewis";"Manchester City";28;1903;1;1;2;1.64;1.64;0.35;14.29;12.88;0.08;0.08;0.02;0.09;0.09;0.68;0.61
247;"Emmanuel Agbadou";"Wolverhampton Wanderers";16;1414;1;1;0;0.69;0.69;0.19;3.78;3.75;0.04;0.04;0.01;0.06;0.06;0.24;0.24
248;"Luis Sinisterra";"Bournemouth";12;221;1;1;1;1.72;1.72;1.76;2.89;0.55;0.7;0.7;0.72;1.42;1.42;1.18;0.23
249;"Matheus Nunes";"Manchester City";26;1673;1;1;6;1.19;1.19;3.95;10.19;7.72;0.06;0.06;0.21;0.28;0.28;0.55;0.42
250;"Brajan Gruda";"Brighton";21;684;1;1;4;1.01;1.01;2.27;3.97;1.73;0.13;0.13;0.3;0.43;0.43;0.52;0.23
251;"Lewis Miley";"Newcastle United";14;274;1;1;0;0.2;0.2;0.09;1.01;0.83;0.07;0.07;0.03;0.1;0.1;0.33;0.27
252;"Jurriën Timber";"Arsenal";30;2443;1;1;3;1.31;1.31;1.13;10.59;9.37;0.05;0.05;0.04;0.09;0.09;0.39;0.35
253;"Calvin Bassey";"Fulham";35;3072;1;1;0;1.12;1.12;0.11;10.46;10.32;0.03;0.03;0;0.04;0.04;0.31;0.3
254;"Sávio";"Manchester City";29;1801;1;1;8;5.25;5.25;6.94;16.15;5.93;0.26;0.26;0.35;0.61;0.61;0.81;0.3
255;"Manuel Ugarte";"Manchester United";29;1802;1;1;2;1.09;1.09;1.62;7.24;6.05;0.05;0.05;0.08;0.14;0.14;0.36;0.3
256;"Ian Maatsen";"Aston Villa";29;1073;1;1;2;0.98;0.98;3.03;9.69;8.37;0.08;0.08;0.25;0.34;0.34;0.81;0.7
257;"Matheus França";"Crystal Palace";4;45;1;1;0;0.41;0.41;0;0.57;0.16;0.82;0.82;0;0.82;0.82;1.14;0.33
258;"Myles Lewis-Skelly";"Arsenal";23;1371;1;1;0;0.25;0.25;0.5;5.47;5.07;0.02;0.02;0.03;0.05;0.05;0.36;0.33
259;"Tyrique George";"Chelsea";8;162;1;1;1;0.37;0.37;1.03;1.89;0.57;0.21;0.21;0.57;0.78;0.78;1.05;0.32
260;"Jacob Greaves";"Ipswich";25;2208;1;1;0;1.44;1.44;0.23;3.72;3.56;0.06;0.06;0.01;0.07;0.07;0.15;0.15
261;"Sam Morsy";"Ipswich";33;2767;1;1;1;0.3;0.3;1.42;9.26;8.38;0.01;0.01;0.05;0.06;0.06;0.3;0.27
262;"Conor Chaplin";"Ipswich";22;851;1;1;1;1.43;1.43;0.79;3.17;1.41;0.15;0.15;0.08;0.24;0.24;0.34;0.15
263;"Jack Taylor";"Ipswich";32;777;1;1;0;0.59;0.59;0.77;2.72;2.44;0.07;0.07;0.09;0.16;0.16;0.32;0.28
264;"Mats Wieffer";"Brighton";25;988;1;1;3;1.1;1.1;1.07;5.18;4.25;0.1;0.1;0.1;0.2;0.2;0.47;0.39
265;"Yukinari Sugawara";"Southampton";30;1533;1;1;1;0.45;0.45;3.28;5.61;4.17;0.03;0.03;0.19;0.22;0.22;0.33;0.24
266;"Ramón Sosa";"Nottingham Forest";19;246;1;1;0;1.13;1.13;0.68;2.07;0.26;0.41;0.41;0.25;0.66;0.66;0.76;0.09
267;"Justin Devenny";"Crystal Palace";23;472;1;1;1;1.15;1.15;0.63;2.11;0.9;0.22;0.22;0.12;0.34;0.34;0.4;0.17
268;"Ross Stewart";"Southampton";12;379;1;1;0;0.88;0.88;0;1.69;1.22;0.21;0.21;0;0.21;0.21;0.4;0.29
269;"Ferdi Kadioglu";"Brighton";6;401;1;1;0;0.6;0.6;0.16;2.19;1.55;0.14;0.14;0.04;0.17;0.17;0.49;0.35
270;"Diego Gómez";"Brighton";16;487;1;1;0;0.88;0.88;1.58;4.77;4.03;0.16;0.16;0.29;0.45;0.45;0.88;0.74
271;"Romain Esse";"Crystal Palace";7;124;1;1;1;0.58;0.58;0.3;1.18;0.3;0.42;0.42;0.22;0.64;0.64;0.86;0.22
272;"Timo Werner";"Tottenham";18;488;0;0;3;0.95;0.95;3.08;5.67;1.71;0.18;0.18;0.57;0.74;0.74;1.05;0.32
273;"Jannik Vestergaard";"Leicester";18;1411;0;0;0;0.11;0.11;0.07;3.81;3.79;0.01;0.01;0;0.01;0.01;0.24;0.24
274;"Bernd Leno";"Fulham";38;3420;0;0;1;0;0;0.32;9.38;9.06;0;0;0.01;0.01;0.01;0.25;0.24
275;"Callum Wilson";"Newcastle United";18;313;0;0;0;0.75;0.75;0.19;1.41;0.47;0.22;0.22;0.05;0.27;0.27;0.41;0.14
276;"Danny Ward";"Leicester";2;132;0;0;0;0;0;0;0.07;0.07;0;0;0;0;0;0.05;0.05
277;"Adam Lallana";"Southampton";14;342;0;0;2;0.15;0.15;0.55;1.7;1.12;0.04;0.04;0.15;0.19;0.19;0.45;0.3
278;"James Milner";"Brighton";4;177;0;0;0;0.19;0.19;0.26;0.51;0.21;0.1;0.1;0.13;0.23;0.23;0.26;0.1
279;"Joel Ward";"Crystal Palace";2;75;0;0;0;0;0;0.07;0.1;0.1;0;0;0.08;0.08;0.08;0.13;0.13
280;"Aaron Cresswell";"West Ham";18;821;0;0;0;0.15;0.15;1.59;2.42;1.73;0.02;0.02;0.17;0.19;0.19;0.27;0.19
281;"Nathan Aké";"Manchester City";10;684;0;0;0;0.24;0.24;0.02;3.53;3.39;0.03;0.03;0;0.03;0.03;0.46;0.45
282;"Seamus Coleman";"Everton";5;213;0;0;0;0.48;0.48;0;1.2;0.73;0.2;0.2;0;0.2;0.2;0.51;0.31
283;"Nathaniel Clyne";"Crystal Palace";13;483;0;0;0;0.02;0.02;0.16;1.45;1.28;0;0;0.03;0.03;0.03;0.27;0.24
284;"Raheem Sterling";"Arsenal";17;486;0;0;2;0.97;0.97;0.54;2.24;1.05;0.18;0.18;0.1;0.28;0.28;0.41;0.19
285;"Alex McCarthy";"Southampton";5;450;0;0;0;0;0;0;0.5;0.5;0;0;0;0;0;0.1;0.1
286;"Kyle Walker";"Manchester City";15;968;0;0;0;0.11;0.11;0.72;6.89;6.75;0.01;0.01;0.07;0.08;0.08;0.64;0.63
287;"Kieran Trippier";"Newcastle United";25;1311;0;0;3;0.16;0.16;1.81;6.46;6.19;0.01;0.01;0.12;0.13;0.13;0.44;0.42
288;"Ben Davies";"Tottenham";17;1325;0;0;0;0.36;0.36;0.1;5.18;5.17;0.02;0.02;0.01;0.03;0.03;0.35;0.35
289;"Idrissa Gueye";"Everton";37;3090;0;0;3;1.04;1.04;2.42;9.35;7.56;0.03;0.03;0.07;0.1;0.1;0.27;0.22
290;"Willian";"Fulham";10;240;0;0;0;0.26;0.26;0.3;2.17;1.81;0.1;0.1;0.11;0.21;0.21;0.81;0.68
291;"Lukasz Fabianski";"West Ham";14;1157;0;0;0;0;0;0;0.61;0.61;0;0;0;0;0;0.05;0.05
292;"Jordan Pickford";"Everton";38;3420;0;0;1;0;0;0.28;4.06;3.78;0;0;0.01;0.01;0.01;0.11;0.1
293;"Jeffrey Schlupp";"Crystal Palace";12;72;0;0;0;0.21;0.21;0.33;0.91;0.36;0.26;0.26;0.42;0.68;0.68;1.13;0.45
294;"Craig Dawson";"Wolverhampton Wanderers";15;950;0;0;0;0.41;0.41;0.07;2.33;2.32;0.04;0.04;0.01;0.05;0.05;0.22;0.22
295;"Jonny Evans";"Manchester United";7;306;0;0;0;0.08;0.08;0;1.19;1.19;0.02;0.02;0;0.02;0.02;0.35;0.35
296;"Adam Smith";"Bournemouth";25;1625;0;0;0;0.33;0.33;0.44;5.34;4.75;0.02;0.02;0.02;0.04;0.04;0.3;0.26
297;"Fraser Forster";"Tottenham";7;630;0;0;0;0;0;0;1.9;1.9;0;0;0;0;0;0.27;0.27
298;"Matt Targett";"Newcastle United";2;12;0;0;0;0;0;0;0.14;0.14;0;0;0;0;0;1.07;1.07
299;"Kyle Walker-Peters";"Southampton";33;2934;0;0;2;1.16;1.16;2.8;9.13;6.94;0.04;0.04;0.09;0.12;0.12;0.28;0.21
300;"Harrison Reed";"Fulham";12;81;0;0;0;0.14;0.14;0.08;0.34;0.21;0.16;0.16;0.09;0.25;0.25;0.38;0.24
301;"Axel Tuanzebe";"Ipswich";22;1731;0;0;1;0.35;0.35;0.63;3.9;3.32;0.02;0.02;0.03;0.05;0.05;0.2;0.17
302;"Harry Winks";"Leicester";22;1532;0;0;2;0.19;0.19;1.33;5.15;4.77;0.01;0.01;0.08;0.09;0.09;0.3;0.28
303;"Sam Johnstone";"Wolverhampton Wanderers";7;630;0;0;0;0;0;0.05;1.15;1.15;0;0;0.01;0.01;0.01;0.16;0.16
304;"Mason Holgate";"Everton";1;1;0;0;0;0;0;0;0;0;0;0;0;0;0;0;0
305;"Joseph Gomez";"Liverpool";9;510;0;0;0;0.37;0.37;0.08;4.23;4.2;0.07;0.07;0.01;0.08;0.08;0.75;0.74
306;"Luke Shaw";"Manchester United";7;352;0;0;0;0.03;0.03;0.56;1.35;0.79;0.01;0.01;0.14;0.15;0.15;0.35;0.2
307;"Tyrone Mings";"Aston Villa";14;1137;0;0;0;0.8;0.8;0.18;5.25;5.08;0.06;0.06;0.01;0.08;0.08;0.42;0.4
308;"Alex Palmer";"Ipswich";13;1170;0;0;0;0;0;0.02;2.14;2.14;0;0;0;0;0;0.16;0.16
309;"Alisson";"Liverpool";28;2511;0;0;0;0;0;0.5;9.51;9.01;0;0;0.02;0.02;0.02;0.34;0.32
310;"Neto";"Bournemouth";2;180;0;0;0;0;0;0;0.43;0.43;0;0;0;0;0;0.21;0.21
311;"Jorginho";"Arsenal";15;717;0;0;0;0.06;0.06;0.46;4.18;3.74;0.01;0.01;0.06;0.07;0.07;0.52;0.47
312;"Federico Chiesa";"Liverpool";6;95;0;0;0;0.61;0.61;0.21;1.63;0.88;0.58;0.58;0.2;0.78;0.78;1.54;0.83
313;"Sasa Lukic";"Fulham";30;2380;0;0;2;1.54;1.54;3.1;11.62;7.84;0.06;0.06;0.12;0.18;0.18;0.44;0.3
314;"Emil Krafth";"Newcastle United";12;314;0;0;0;0.03;0.03;0.06;1.47;1.47;0.01;0.01;0.02;0.02;0.02;0.42;0.42
315;"Ben Mee";"Brentford";7;181;0;0;0;0;0;0;0.03;0.03;0;0;0;0;0;0.01;0.01
316;"Ryan Fraser";"Southampton";8;314;0;0;0;0.03;0.03;0.16;2.05;1.87;0.01;0.01;0.04;0.05;0.05;0.59;0.53
317;"Andrew Robertson";"Liverpool";33;2511;0;0;1;1.57;1.57;4.88;19.93;15.68;0.06;0.06;0.17;0.23;0.23;0.71;0.56
318;"Lucas Digne";"Aston Villa";32;2413;0;0;4;0.78;0.78;6.97;8.99;6.63;0.03;0.03;0.26;0.29;0.29;0.34;0.25
319;"Jefferson Lerma";"Crystal Palace";33;2274;0;0;1;0.9;0.9;1.39;10.01;8.99;0.04;0.04;0.05;0.09;0.09;0.4;0.36
320;"Emiliano Buendía";"Aston Villa";12;48;0;0;0;0.82;0.82;0.05;0.96;0.22;1.54;1.54;0.09;1.63;1.63;1.79;0.4
321;"Alphonse Areola";"West Ham";26;2263;0;0;0;0;0;0;3.02;3.02;0;0;0;0;0;0.12;0.12
322;"Rodri";"Manchester City";3;64;0;0;0;0;0;0.05;1.45;1.45;0;0;0.07;0.07;0.07;2.03;2.03
323;"Oleksandr Zinchenko";"Arsenal";15;500;0;0;1;0.5;0.5;0.13;3.01;2.74;0.09;0.09;0.02;0.11;0.11;0.54;0.49
324;"Issa Diop";"Fulham";21;1332;0;0;0;0.49;0.49;0.14;3.88;3.79;0.03;0.03;0.01;0.04;0.04;0.26;0.26
325;"Maxwel Cornet";"Southampton";2;71;0;0;0;0.08;0.08;0;0.08;0;0.1;0.1;0;0.1;0.1;0.1;0
326;"Ricardo Pereira";"Leicester";10;378;0;0;0;0.11;0.11;0;1.12;1.03;0.03;0.03;0;0.03;0.03;0.27;0.25
327;"Odsonne Edouard";"Crystal Palace,Leicester";6;131;0;0;0;0.33;0.33;0.11;0.62;0.19;0.22;0.22;0.07;0.3;0.3;0.43;0.13
328;"Álex Moreno";"Nottingham Forest";15;978;0;0;1;0.22;0.22;1.08;2.53;1.54;0.02;0.02;0.1;0.12;0.12;0.23;0.14
329;"Emiliano Martinez";"Aston Villa";37;3206;0;0;0;0;0;0.28;6.56;6.27;0;0;0.01;0.01;0.01;0.18;0.18
330;"Kepa";"Bournemouth";31;2790;0;0;0;0.07;0.07;0.03;3.48;3.48;0;0;0;0;0;0.11;0.11
331;"Kevin Danso";"Tottenham";10;840;0;0;0;0.27;0.27;0.07;2.75;2.7;0.03;0.03;0.01;0.04;0.04;0.29;0.29
332;"Wilfred Ndidi";"Leicester";28;2368;0;0;5;1.97;1.97;2.79;8.74;5.42;0.08;0.08;0.11;0.18;0.18;0.33;0.21
333;"Nick Pope";"Newcastle United";28;2520;0;0;0;0;0;0.08;4.54;4.46;0;0;0;0;0;0.16;0.16
334;"Scott McTominay";"Manchester United";2;15;0;0;0;0.13;0.13;0;0.13;0;0.76;0.76;0;0.76;0.76;0.76;0
335;"Aaron Ramsdale";"Southampton";30;2700;0;0;0;0;0;0;2.39;2.39;0;0;0;0;0;0.08;0.08
336;"Diego Carlos";"Aston Villa";10;828;0;0;0;0.97;0.97;0;2.88;2.88;0.11;0.11;0;0.11;0.11;0.31;0.31
337;"Ibrahim Sangare";"Nottingham Forest";13;584;0;0;1;0.02;0.02;0.72;3;2.35;0;0;0.11;0.11;0.11;0.46;0.36
338;"Kenny Tete";"Fulham";22;1790;0;0;2;1.6;1.6;0.68;7.37;6.54;0.08;0.08;0.03;0.11;0.11;0.37;0.33
339;"Philip Billing";"Bournemouth";10;152;0;0;0;0.36;0.36;1.4;1.97;0.92;0.21;0.21;0.83;1.04;1.04;1.17;0.54
340;"Charlie Taylor";"Southampton";8;341;0;0;0;0;0;0.06;0.71;0.66;0;0;0.01;0.01;0.01;0.19;0.17
341;"Lewis Dunk";"Brighton";25;2083;0;0;0;1.11;1.11;0.52;10.2;10.1;0.05;0.05;0.02;0.07;0.07;0.44;0.44
342;"Solly March";"Brighton";8;149;0;0;0;0.05;0.05;0.23;0.39;0.32;0.03;0.03;0.14;0.17;0.17;0.24;0.19
343;"Ederson";"Manchester City";26;2324;0;0;4;0;0;1.19;5.95;4.96;0;0;0.05;0.05;0.05;0.23;0.19
344;"Victor Lindelöf";"Manchester United";16;679;0;0;0;0;0;0.12;1.18;1.08;0;0;0.02;0.02;0.02;0.16;0.14
345;"Will Hughes";"Crystal Palace";33;2160;0;0;3;0.92;0.92;3.36;9.03;7.88;0.04;0.04;0.14;0.18;0.18;0.38;0.33
346;"Daichi Kamada";"Crystal Palace";34;1527;0;0;0;0.98;0.98;1.83;8.12;6.36;0.06;0.06;0.11;0.17;0.17;0.48;0.37
347;"Timothy Castagne";"Fulham";24;1627;0;0;1;0.36;0.36;0.87;6.59;5.58;0.02;0.02;0.05;0.07;0.07;0.36;0.31
348;"Nélson Semedo";"Wolverhampton Wanderers";34;2897;0;0;4;0.99;0.99;2.19;9.8;7.22;0.03;0.03;0.07;0.1;0.1;0.3;0.22
349;"Pau Torres";"Aston Villa";24;2011;0;0;0;0.39;0.39;0.14;7.19;7.06;0.02;0.02;0.01;0.02;0.02;0.32;0.32
350;"Boubakary Soumare";"Leicester";31;2182;0;0;0;0.26;0.26;0.35;7.11;6.83;0.01;0.01;0.01;0.02;0.02;0.29;0.28
351;"Joachim Andersen";"Crystal Palace,Fulham";30;2678;0;0;0;0.89;0.89;0.28;10.67;10.44;0.03;0.03;0.01;0.04;0.04;0.36;0.35
352;"Hamza Choudhury";"Leicester";4;125;0;0;0;0;0;0.4;0.66;0.31;0;0;0.29;0.29;0.29;0.47;0.22
353;"Manuel Akanji";"Manchester City";26;2017;0;0;0;1.01;1.01;0.42;13.88;13.61;0.05;0.05;0.02;0.06;0.06;0.62;0.61
354;"Martin Dubravka";"Newcastle United";10;900;0;0;0;0;0;0;1.41;1.41;0;0;0;0;0;0.14;0.14
355;"Joe Willock";"Newcastle United";32;1043;0;0;2;2.02;2.02;3.11;8.02;3.42;0.17;0.17;0.27;0.44;0.44;0.69;0.29
356;"Konstantinos Mavropanos";"West Ham";33;2028;0;0;0;1.66;1.66;0.68;4.69;4.53;0.07;0.07;0.03;0.1;0.1;0.21;0.2
357;"Jean-Clair Todibo";"West Ham";27;1833;0;0;0;0.28;0.28;0.03;3.59;3.59;0.01;0.01;0;0.02;0.02;0.18;0.18
358;"Willy Boly";"Nottingham Forest";6;139;0;0;0;0.08;0.08;0;0.14;0.14;0.05;0.05;0;0.05;0.05;0.09;0.09
359;"Matz Sels";"Nottingham Forest";38;3420;0;0;0;0;0;0.52;3.72;3.2;0;0;0.01;0.01;0.01;0.1;0.08
360;"Robin Olsen";"Aston Villa";4;211;0;0;0;0;0;0;0.46;0.46;0;0;0;0;0;0.2;0.2
361;"Arijanet Muric";"Ipswich";18;1620;0;0;0;0;0;0;2.33;2.33;0;0;0;0;0;0.13;0.13
362;"Mark Flekken";"Brentford";37;3275;0;0;2;0;0;0.55;7.11;6.88;0;0;0.02;0.02;0.02;0.2;0.19
363;"Sean Longstaff";"Newcastle United";25;758;0;0;0;0.41;0.41;0.21;2.16;1.79;0.05;0.05;0.02;0.07;0.07;0.26;0.21
364;"Mathias Jensen";"Brentford";24;819;0;0;2;0.27;0.27;1.99;5.39;4.16;0.03;0.03;0.22;0.25;0.25;0.59;0.46
365;"Sergio Reguilón";"Tottenham";4;187;0;0;0;0.13;0.13;0.03;0.8;0.7;0.06;0.06;0.01;0.08;0.08;0.38;0.34
366;"Oliver Skipp";"Leicester";24;1095;0;0;0;0.24;0.24;0.34;2.25;1.79;0.02;0.02;0.03;0.05;0.05;0.19;0.15
367;"Jason Steele";"Brighton";2;180;0;0;0;0;0;0;0.41;0.41;0;0;0;0;0;0.2;0.2
368;"Benoit Badiashile Mukinayi";"Chelsea";5;323;0;0;0;0;0;0;0.78;0.78;0;0;0;0;0;0.22;0.22
369;"Diogo Dalot";"Manchester United";33;2821;0;0;3;1.7;1.7;2.58;10.51;8.38;0.05;0.05;0.08;0.14;0.14;0.34;0.27
370;"Ben White";"Arsenal";17;1192;0;0;2;0.43;0.43;1.45;4.35;3.9;0.03;0.03;0.11;0.14;0.14;0.33;0.29
371;"Max Kilman";"West Ham";38;3348;0;0;1;1.71;1.71;0.93;7.73;7.18;0.05;0.05;0.02;0.07;0.07;0.21;0.19
372;"Tyler Adams";"Bournemouth";28;1965;0;0;3;1.41;1.41;1.51;7.61;5.17;0.06;0.06;0.07;0.13;0.13;0.35;0.24
373;"Carlos Vinicius";"Fulham";3;8;0;0;0;0.05;0.05;0;0.05;0;0.62;0.62;0;0.62;0.62;0.62;0
374;"Miguel Almirón";"Newcastle United";9;138;0;0;0;0.48;0.48;0.17;0.67;0.16;0.31;0.31;0.11;0.42;0.42;0.44;0.11
375;"James Garner";"Everton";21;1603;0;0;1;0.6;0.6;1.22;5.44;4.62;0.03;0.03;0.07;0.1;0.1;0.31;0.26
376;"Mark Travers";"Bournemouth";5;450;0;0;0;0;0;0;0.51;0.51;0;0;0;0;0;0.1;0.1
377;"Wesley Fofana";"Chelsea";14;1192;0;0;0;0.2;0.2;0.53;4.95;4.43;0.02;0.02;0.04;0.06;0.06;0.37;0.33
378;"Max Aarons";"Bournemouth";3;78;0;0;0;0;0;0;0.96;0.96;0;0;0;0;0;1.11;1.11
379;"Ben Godfrey";"Ipswich";3;165;0;0;0;0;0;0;0.23;0.23;0;0;0;0;0;0.12;0.12
380;"Adam Webster";"Brighton";14;888;0;0;0;0.38;0.38;0.38;4.82;4.75;0.04;0.04;0.04;0.08;0.08;0.49;0.48
381;"Dean Henderson";"Crystal Palace";38;3420;0;0;0;0.01;0.01;0.11;3.3;3.19;0;0;0;0;0;0.09;0.08
382;"Caoimhin Kelleher";"Liverpool";10;900;0;0;0;0;0;0;1.94;1.94;0;0;0;0;0;0.19;0.19
383;"Takehiro Tomiyasu";"Arsenal";1;3;0;0;0;0.17;0.17;0;0;0;5.01;5.01;0;5.01;5.01;0;0
384;"Igor Julio";"Brighton";13;959;0;0;0;0.08;0.08;0.14;4.97;4.83;0.01;0.01;0.01;0.02;0.02;0.47;0.45
385;"Billy Gilmour";"Brighton";2;94;0;0;0;0.08;0.08;0;1.18;1.18;0.08;0.08;0;0.08;0.08;1.13;1.13
386;"Lloyd Kelly";"Newcastle United";10;303;0;0;1;0.27;0.27;0.38;0.88;0.5;0.08;0.08;0.11;0.19;0.19;0.26;0.15
387;"Brandon Austin";"Tottenham";1;90;0;0;0;0;0;0;0.4;0.4;0;0;0;0;0;0.4;0.4
388;"Boubacar Traore";"Wolverhampton Wanderers";1;1;0;0;0;0;0;0;0;0;0;0;0;0;0;0;0
389;"Tyrick Mitchell";"Crystal Palace";37;3131;0;0;5;1.42;1.42;7.11;14.72;7.39;0.04;0.04;0.2;0.25;0.25;0.42;0.21
390;"Nicolás Domínguez";"Nottingham Forest";34;1979;0;0;1;1.93;1.93;1.47;4.88;3.65;0.09;0.09;0.07;0.15;0.15;0.22;0.17
391;"Guido Rodríguez";"West Ham";23;1179;0;0;1;0.16;0.16;0.22;2.94;2.79;0.01;0.01;0.02;0.03;0.03;0.22;0.21
392;"Sander Berge";"Fulham";31;2242;0;0;0;0.43;0.43;0.73;7.76;6.73;0.02;0.02;0.03;0.05;0.05;0.31;0.27
393;"Daniel Podence";"Wolverhampton Wanderers";2;36;0;0;0;0.04;0.04;0;0.04;0;0.11;0.11;0;0.11;0.11;0.11;0
394;"Armando Broja";"Everton";10;314;0;0;0;0.1;0.1;0.17;0.73;0.46;0.03;0.03;0.05;0.08;0.08;0.21;0.13
395;"Jarrad Branthwaite";"Everton";30;2510;0;0;1;1.38;1.38;0.65;4.86;4.71;0.05;0.05;0.02;0.07;0.07;0.17;0.17
396;"Jorge Cuenca";"Fulham";8;352;0;0;0;0.02;0.02;0;1.16;1.16;0;0;0;0;0;0.3;0.3
397;"Tommy Doyle";"Wolverhampton Wanderers";24;431;0;0;1;0.36;0.36;0.35;2.1;1.61;0.08;0.08;0.07;0.15;0.15;0.44;0.34
398;"Luke Thomas";"Leicester";14;1123;0;0;0;0.35;0.35;0.42;1.75;1.39;0.03;0.03;0.03;0.06;0.06;0.14;0.11
399;"Sven Botman";"Newcastle United";8;424;0;0;0;0.8;0.8;0.65;1.06;1.06;0.17;0.17;0.14;0.31;0.31;0.23;0.23
400;"Cheick Oumar Doucoure";"Crystal Palace";13;439;0;0;0;0.37;0.37;0.01;3.56;3.28;0.07;0.07;0;0.08;0.08;0.73;0.67
401;"Kalvin Phillips";"Ipswich";19;1247;0;0;0;0.46;0.46;0.32;2.42;2.15;0.03;0.03;0.02;0.06;0.06;0.17;0.15
402;"Dara O'Shea";"Ipswich";35;3129;0;0;2;1.56;1.56;0.7;8.61;7.78;0.05;0.05;0.02;0.07;0.07;0.25;0.22
403;"Joël Veltman";"Brighton";21;1714;0;0;0;0.8;0.8;0.76;6.48;5.07;0.04;0.04;0.04;0.08;0.08;0.34;0.27
404;"Stefan Ortega Moreno";"Manchester City";13;1096;0;0;0;0;0;0;2.86;2.86;0;0;0;0;0;0.24;0.24
405;"Wataru Endo";"Liverpool";20;226;0;0;0;0;0;0.07;1.2;1.16;0;0;0.03;0.03;0.03;0.48;0.46
406;"Iyenoma Destiny Udogie";"Tottenham";25;1949;0;0;1;0.35;0.35;1.26;9.83;9.17;0.02;0.02;0.06;0.07;0.07;0.45;0.42
407;"Konstantinos Tsimikas";"Liverpool";18;819;0;0;1;0.56;0.56;2.6;7.06;5.98;0.06;0.06;0.29;0.35;0.35;0.78;0.66
408;"Guglielmo Vicario";"Tottenham";24;2160;0;0;0;0;0;0;5.16;5.16;0;0;0;0;0;0.22;0.22
409;"Conor Townsend";"Ipswich";6;326;0;0;1;0.04;0.04;0.8;1.16;0.44;0.01;0.01;0.22;0.23;0.23;0.32;0.12
410;"Antonee Robinson";"Fulham";36;3166;0;0;10;1.05;1.05;4.4;16.5;13.77;0.03;0.03;0.13;0.16;0.16;0.47;0.39
411;"Rúben Dias";"Manchester City";27;2262;0;0;0;1.34;1.34;0.21;14.73;14.57;0.05;0.05;0.01;0.06;0.06;0.59;0.58
412;"Vladimir Coufal";"West Ham";22;1052;0;0;0;0.32;0.32;0.58;3.65;3.3;0.03;0.03;0.05;0.08;0.08;0.31;0.28
413;"Malo Gusto";"Chelsea";32;1838;0;0;1;1.56;1.56;1.34;10.98;9.03;0.08;0.08;0.07;0.14;0.14;0.54;0.44
414;"Robert Sánchez";"Chelsea";32;2880;0;0;0;0;0;0.02;6.04;6.02;0;0;0;0;0;0.19;0.19
415;"Radu Dragusin";"Tottenham";16;1264;0;0;0;0.18;0.18;0.52;4.85;4.78;0.01;0.01;0.04;0.05;0.05;0.35;0.34
416;"Christian Walton";"Ipswich";7;630;0;0;0;0;0;0.02;0.18;0.16;0;0;0;0;0;0.03;0.02
417;"Filip Jorgensen";"Chelsea";6;540;0;0;0;0;0;0;1.43;1.43;0;0;0;0;0;0.24;0.24
418;"Jakub Moder";"Brighton";4;4;0;0;0;0;0;0.2;0.13;0.08;0;0;4.58;4.58;4.58;3;1.74
419;"Dane Scarlett";"Tottenham";3;25;0;0;1;0.27;0.27;0.08;0.35;0;0.97;0.97;0.27;1.24;1.24;1.24;0
420;"Valentino Livramento";"Newcastle United";37;2848;0;0;1;0.32;0.32;3.15;13.4;10.81;0.01;0.01;0.1;0.11;0.11;0.42;0.34
421;"Tim Iroegbunam";"Everton";18;533;0;0;1;0.21;0.21;0.18;1.87;1.49;0.04;0.04;0.03;0.06;0.06;0.32;0.25
422;"David Raya";"Arsenal";38;3420;0;0;0;0;0;0.09;6.11;6.02;0;0;0;0;0;0.16;0.16
423;"Kristoffer Ajer";"Brentford";24;1450;0;0;0;1.14;1.14;1.47;4.82;2.97;0.07;0.07;0.09;0.16;0.16;0.3;0.18
424;"Rico Henry";"Brentford";5;80;0;0;0;0;0;0;1;1;0;0;0;0;0;1.13;1.13
425;"Frank Onyeka";"Brentford";2;18;0;0;0;0;0;0;0;0;0;0;0;0;0;0;0
426;"Mads Roerslev";"Brentford";19;1079;0;0;2;0.22;0.22;2.79;5.18;2.46;0.02;0.02;0.23;0.25;0.25;0.43;0.21
427;"Armel Bella Kotchap";"Southampton";4;331;0;0;0;0.27;0.27;0;0.71;0.71;0.07;0.07;0;0.07;0.07;0.19;0.19
428;"Kiernan Dewsbury-Hall";"Chelsea";13;234;0;0;1;0.09;0.09;0.81;1.34;0.44;0.03;0.03;0.31;0.34;0.34;0.51;0.17
429;"José Sá";"Wolverhampton Wanderers";29;2610;0;0;0;0;0;0.07;1.16;1.09;0;0;0;0;0;0.04;0.04
430;"Jesper Lindstrom";"Everton";25;1279;0;0;1;2.02;2.02;2.88;5.93;3.55;0.14;0.14;0.2;0.34;0.34;0.42;0.25
431;"Yerson Mosquera";"Wolverhampton Wanderers";5;448;0;0;0;0.47;0.47;0.09;1.07;0.98;0.09;0.09;0.02;0.11;0.11;0.21;0.2
432;"Romeo Lavia";"Chelsea";16;830;0;0;1;0.15;0.15;0.72;2.71;1.95;0.02;0.02;0.08;0.09;0.09;0.29;0.21
433;"Lamare Bogarde";"Aston Villa";8;478;0;0;0;0.07;0.07;0.18;1.81;1.57;0.01;0.01;0.03;0.05;0.05;0.34;0.3
434;"Jeremy Sarmiento";"Brighton";1;4;0;0;0;0;0;0;0.1;0.1;0;0;0;0;0;2.19;2.19
435;"Micky van de Ven";"Tottenham";13;1031;0;0;2;0.77;0.77;1.18;5.83;4.65;0.07;0.07;0.1;0.17;0.17;0.51;0.41
436;"Paris Maghoma";"Brentford";8;89;0;0;0;0.04;0.04;0.11;1.15;1.01;0.04;0.04;0.11;0.14;0.14;1.17;1.02
437;"Samuel Edozie";"Southampton";2;57;0;0;0;0;0;0.08;0.6;0.52;0;0;0.13;0.13;0.13;0.95;0.82
438;"Conor Bradley";"Liverpool";19;736;0;0;2;1.14;1.14;1.92;7.87;5.19;0.14;0.14;0.23;0.37;0.37;0.96;0.64
439;"Archie Gray";"Tottenham";28;1729;0;0;0;0.03;0.03;0.15;4.39;4.24;0;0;0.01;0.01;0.01;0.23;0.22
440;"Jarell Quansah";"Liverpool";13;478;0;0;0;0.09;0.09;0.11;2.49;2.42;0.02;0.02;0.02;0.04;0.04;0.47;0.46
441;"Lewis Hall";"Newcastle United";27;2200;0;0;4;0.54;0.54;3.95;12.69;10.64;0.02;0.02;0.16;0.18;0.18;0.52;0.44
442;"Nathan Patterson";"Everton";10;332;0;0;1;0.07;0.07;0.42;0.62;0.49;0.02;0.02;0.11;0.13;0.13;0.17;0.13
443;"Toti";"Wolverhampton Wanderers";31;2622;0;0;1;0.98;0.98;0.99;7.03;6.88;0.03;0.03;0.03;0.07;0.07;0.24;0.24
444;"Chiquinho";"Wolverhampton Wanderers";1;5;0;0;0;0;0;0.02;0.06;0.06;0;0;0.29;0.29;0.29;1.1;1.1
445;"Leny Yoro";"Manchester United";21;1152;0;0;0;1.13;1.13;0.05;4.26;3.43;0.09;0.09;0;0.09;0.09;0.33;0.27
446;"Noussair Mazraoui";"Manchester United";37;2881;0;0;1;0.81;0.81;1.56;10.55;9.09;0.03;0.03;0.05;0.07;0.07;0.33;0.28
447;"Ryan Gravenberch";"Liverpool";37;3199;0;0;4;1.33;1.33;2.42;21.41;19.36;0.04;0.04;0.07;0.11;0.11;0.6;0.54
448;"Jay Stansfield";"Fulham";1;1;0;0;0;0;0;0;0;0;0;0;0;0;0;0;0
449;"Sepp van den Berg";"Brentford";31;2602;0;0;0;2.15;2.15;1.03;11.55;9.67;0.07;0.07;0.04;0.11;0.11;0.4;0.33
450;"James Hill";"Bournemouth";10;458;0;0;1;0.19;0.19;0.34;2.4;2.09;0.04;0.04;0.07;0.11;0.11;0.47;0.41
451;"Harry Toffolo";"Nottingham Forest";4;122;0;0;0;0.02;0.02;0;0.04;0.02;0.02;0.02;0;0.02;0.02;0.03;0.01
452;"Tyrell Malacia";"Manchester United";3;102;0;0;0;0;0;0.06;0.06;0;0;0;0.05;0.05;0.05;0.05;0
453;"Marcos Senesi";"Bournemouth";17;1117;0;0;0;0.65;0.65;0.24;4.35;4.17;0.05;0.05;0.02;0.07;0.07;0.35;0.34
454;"André Onana";"Manchester United";34;3060;0;0;0;0;0;0.31;5.31;4.99;0;0;0.01;0.01;0.01;0.16;0.15
455;"Santiago Bueno";"Wolverhampton Wanderers";29;1672;0;0;0;0.33;0.33;0;3.89;3.87;0.02;0.02;0;0.02;0.02;0.21;0.21
456;"Antony";"Manchester United";8;119;0;0;0;0.63;0.63;0.23;1.07;0.33;0.47;0.47;0.17;0.65;0.65;0.81;0.25
457;"Ryan Trevitt";"Brentford";1;1;0;0;0;0;0;0;0;0;0;0;0;0;0;0;0
458;"Martial Godo";"Fulham";2;16;0;0;0;0;0;0.08;0.08;0;0;0;0.47;0.47;0.47;0.47;0
459;"Chadi Riad";"Crystal Palace";1;90;0;0;0;0;0;0;0.4;0.4;0;0;0;0;0;0.4;0.4
460;"Kobbie Mainoo";"Manchester United";25;1660;0;0;0;0.74;0.74;2.05;6.99;4.43;0.04;0.04;0.11;0.15;0.15;0.38;0.24
461;"Divin Mubama";"Manchester City";1;26;0;0;0;0.06;0.06;0;0;0;0.22;0.22;0;0.22;0.22;0;0
462;"Nathan Butler-Oyedeji";"Arsenal";1;1;0;0;0;0.09;0.09;0;0.09;0;8.53;8.53;0;8.53;8.53;8.53;0
463;"Michael Kayode";"Brentford";12;527;0;0;1;0.18;0.18;0.98;2.79;1.63;0.03;0.03;0.17;0.2;0.2;0.48;0.28
464;"Mykhailo Mudryk";"Chelsea";7;133;0;0;0;0.12;0.12;1.08;1.47;0.27;0.08;0.08;0.73;0.81;0.81;1;0.18
465;"Danilo";"Nottingham Forest";8;275;0;0;0;0;0;0;2.15;2.15;0;0;0;0;0;0.7;0.7
466;"James Bree";"Southampton";17;1077;0;0;1;0.11;0.11;1.07;3.7;3;0.01;0.01;0.09;0.1;0.1;0.31;0.25
467;"Daniel Bentley";"Wolverhampton Wanderers";2;180;0;0;0;0;0;0;0.03;0.03;0;0;0;0;0;0.02;0.02
468;"Victor Kristiansen";"Leicester";30;2510;0;0;1;0.16;0.16;1.66;6.27;5.77;0.01;0.01;0.06;0.07;0.07;0.22;0.21
469;"Renato Veiga";"Chelsea";7;143;0;0;0;0.14;0.14;0;0.81;0.8;0.09;0.09;0;0.09;0.09;0.51;0.5
470;"Kaelan Casey";"West Ham";1;1;0;0;0;0;0;0;0;0;0;0;0;0;0;0;0
471;"Illia Zabarnyi";"Bournemouth";36;3116;0;0;1;1.35;1.35;0.96;7.43;7.21;0.04;0.04;0.03;0.07;0.07;0.21;0.21
472;"Samuel Amo-Ameyaw";"Southampton";2;21;0;0;0;0.03;0.03;0.04;0.07;0;0.14;0.14;0.17;0.31;0.31;0.31;0
473;"Marc Guiu";"Chelsea";3;60;0;0;0;0;0;0.04;0.11;0.11;0;0;0.06;0.06;0.06;0.16;0.16
474;"Bart Verbruggen";"Brighton";36;3240;0;0;1;0;0;0.05;6.67;6.61;0;0;0;0;0;0.19;0.18
475;"Chiedozie Ogbene";"Ipswich";5;237;0;0;0;0;0;0.07;0.09;0.01;0;0;0.03;0.03;0.03;0.03;0
476;"Julián Araujo";"Bournemouth";12;496;0;0;0;0;0;0.06;1.8;1.8;0;0;0.01;0.01;0.01;0.33;0.33
477;"Abduqodir Khusanov";"Manchester City";6;506;0;0;0;0.02;0.02;0.11;2.78;2.76;0;0;0.02;0.02;0.02;0.49;0.49
478;"Yehor Yarmolyuk";"Brentford";31;1416;0;0;0;0.79;0.79;1.03;5.01;4.21;0.05;0.05;0.07;0.12;0.12;0.32;0.27
479;"Ben Brereton Díaz";"Southampton";10;438;0;0;0;1.31;1.31;0.16;2;0.56;0.27;0.27;0.03;0.3;0.3;0.41;0.12
480;"Oscar Bobb";"Manchester City";3;9;0;0;0;0;0;0.09;0.09;0;0;0;0.9;0.9;0.9;0.9;0
481;"Edson Álvarez";"West Ham";28;1772;0;0;1;0.32;0.32;0.8;4.3;3.42;0.02;0.02;0.04;0.06;0.06;0.22;0.17
482;"Patrick Dorgu";"Manchester United";12;843;0;0;0;0.39;0.39;0.97;2.92;1.95;0.04;0.04;0.1;0.15;0.15;0.31;0.21
483;"Youssef Chermiti";"Everton";4;33;0;0;0;0.17;0.17;0;0.14;0.08;0.47;0.47;0;0.47;0.47;0.37;0.21
484;"Altay Bayindir";"Manchester United";4;360;0;0;0;0;0;0;0.18;0.18;0;0;0;0;0;0.04;0.04
485;"Kim Ji-Soo";"Brentford";3;19;0;0;0;0;0;0;0;0;0;0;0;0;0;0;0
486;"Alex Scott";"Bournemouth";20;764;0;0;0;0.7;0.7;1.22;3.54;1.87;0.08;0.08;0.14;0.23;0.23;0.42;0.22
487;"Alfie Dorrington";"Tottenham";1;9;0;0;0;0;0;0;0;0;0;0;0;0;0;0;0
488;"Tom King";"Wolverhampton Wanderers";1;1;0;0;0;0;0;0;0;0;0;0;0;0;0;0;0
489;"Lewis Orford";"West Ham";2;43;0;0;0;0.02;0.02;0.03;0.23;0.23;0.03;0.03;0.06;0.09;0.09;0.48;0.48
490;"Oliver Scarles";"West Ham";15;644;0;0;0;0.14;0.14;0.12;0.73;0.59;0.02;0.02;0.02;0.04;0.04;0.1;0.08
491;"Adam Wharton";"Crystal Palace";20;1337;0;0;2;0.34;0.34;3.35;6.54;5.25;0.02;0.02;0.23;0.25;0.25;0.44;0.35
492;"Joshua King";"Fulham";8;115;0;0;0;0.59;0.59;0.75;1.37;0.5;0.46;0.46;0.59;1.05;1.05;1.08;0.39
493;"Jayden Danns";"Liverpool";1;3;0;0;0;0;0;0;0;0;0;0;0;0;0;0;0
494;"Toby Collyer";"Manchester United";6;159;0;0;0;0.05;0.05;0.16;0.84;0.67;0.03;0.03;0.09;0.12;0.12;0.47;0.38
495;"Josh Acheampong";"Chelsea";4;172;0;0;0;0.17;0.17;0;0.66;0.66;0.09;0.09;0;0.09;0.09;0.35;0.35
496;"Harry Amass";"Manchester United";5;347;0;0;0;0.09;0.09;0.05;1.35;1.23;0.02;0.02;0.01;0.04;0.04;0.35;0.32
497;"Hákon Valdimarsson";"Brentford";2;145;0;0;0;0;0;0;0.24;0.24;0;0;0;0;0;0.15;0.15
498;"Mikey Moore";"Tottenham";10;351;0;0;1;0.16;0.16;0.67;1.13;0.85;0.04;0.04;0.17;0.21;0.21;0.29;0.22
499;"Yunus Konak";"Brentford";10;25;0;0;0;0.11;0.11;0;0.42;0.31;0.39;0.39;0;0.39;0.39;1.51;1.12
500;"Luke Woolfenden";"Ipswich";15;1170;0;0;0;0.06;0.06;0;1.31;1.31;0;0;0;0;0;0.1;0.1
501;"Massimo Luongo";"Ipswich";11;185;0;0;0;0;0;0;0;0;0;0;0;0;0;0;0
502;"Wes Burns";"Ipswich";18;962;0;0;1;0.41;0.41;2.2;3.02;0.9;0.04;0.04;0.21;0.24;0.24;0.28;0.08
503;"Ali Al-Hamadi";"Ipswich";11;98;0;0;0;0.53;0.53;0.08;0.69;0.25;0.49;0.49;0.07;0.56;0.56;0.63;0.23
504;"Marcus Harness";"Ipswich";2;37;0;0;0;0;0;0;0;0;0;0;0;0;0;0;0
505;"Cameron Burgess";"Ipswich";18;1538;0;0;2;0.93;0.93;0.38;4.11;3.43;0.05;0.05;0.02;0.08;0.08;0.24;0.2
506;"Harrison Armstrong";"Everton";3;41;0;0;0;0.26;0.26;0.07;0.33;0;0.56;0.56;0.16;0.72;0.72;0.72;0
507;"Joe Lumley";"Southampton";3;270;0;0;0;0;0;0;0.13;0.13;0;0;0;0;0;0.04;0.04
508;"Nathan Wood";"Southampton";11;780;0;0;0;0.29;0.29;0.02;2.37;2.35;0.03;0.03;0;0.04;0.04;0.27;0.27
509;"Eric da Silva Moreira";"Nottingham Forest";2;27;0;0;0;0;0;0;0;0;0;0;0;0;0;0;0
510;"Andy Irving";"West Ham";10;142;0;0;0;0.11;0.11;0.28;1;0.94;0.07;0.07;0.18;0.25;0.25;0.63;0.6
511;"Kosta Nedeljkovic";"Aston Villa";5;109;0;0;0;0;0;0;0.19;0.19;0;0;0;0;0;0.15;0.15
512;"Woyo Coulibaly";"Leicester";4;107;0;0;0;0.07;0.07;0;0.09;0.02;0.06;0.06;0;0.06;0.06;0.08;0.01
513;"Mathis Amougou";"Chelsea";1;5;0;0;0;0;0;0;0;0;0;0;0;0;0;0;0
514;"Albert Grønbæk";"Southampton";4;150;0;0;0;0.06;0.06;0.03;0.08;0.02;0.04;0.04;0.02;0.05;0.05;0.05;0.01
515;"Mads Hermansen";"Leicester";27;2388;0;0;0;0;0;0;2.33;2.33;0;0;0;0;0;0.09;0.09
516;"Abdul Fatawu";"Leicester";11;571;0;0;2;0.47;0.47;1.47;2.36;1.36;0.07;0.07;0.23;0.31;0.31;0.37;0.21
517;"Lucas Bergvall";"Tottenham";27;1187;0;0;1;0.61;0.61;0.72;5.08;4.34;0.05;0.05;0.05;0.1;0.1;0.39;0.33
518;"Roman Dixon";"Everton";1;90;0;0;0;0;0;0;0.09;0.09;0;0;0;0;0;0.09;0.09
519;"George Edmundson";"Ipswich";1;1;0;0;0;0;0;0;0;0;0;0;0;0;0;0;0
520;"Jack Clarke";"Ipswich";32;1151;0;0;4;1.3;1.3;2.67;5.5;1.92;0.1;0.1;0.21;0.31;0.31;0.43;0.15
521;"André";"Wolverhampton Wanderers";33;2538;0;0;0;0.3;0.3;0.81;9.5;8.87;0.01;0.01;0.03;0.04;0.04;0.34;0.31
522;"Luis Guilherme";"West Ham";12;121;0;0;0;0.37;0.37;0.11;0.73;0.41;0.27;0.27;0.08;0.35;0.35;0.54;0.3
523;"Asher Agbinone";"Crystal Palace";2;2;0;0;0;0.02;0.02;0.02;0.04;0.01;0.68;0.68;1.07;1.76;1.76;1.66;0.59
524;"Jayden Meghoma";"Brentford";1;3;0;0;0;0;0;0;0;0;0;0;0;0;0;0;0
525;"Morato";"Nottingham Forest";26;852;0;0;0;0.1;0.1;0;2.08;2.08;0.01;0.01;0;0.01;0.01;0.22;0.22
526;"Ayden Heaven";"Manchester United";4;167;0;0;0;0.06;0.06;0.01;0.31;0.29;0.03;0.03;0.01;0.04;0.04;0.17;0.16
527;"Carlos Forbs";"Wolverhampton Wanderers";10;210;0;0;0;0.15;0.15;0.04;0.45;0.31;0.06;0.06;0.02;0.08;0.08;0.19;0.13
528;"Vítezslav Jaros";"Liverpool";1;9;0;0;0;0;0;0;0;0;0;0;0;0;0;0;0
529;"Alfie Pond";"Wolverhampton Wanderers";1;1;0;0;0;0;0;0;0;0;0;0;0;0;0;0;0
530;"Will Lankshear";"Tottenham";3;6;0;0;0;0;0;0;0;0;0;0;0;0;0;0;0
531;"Caleb Kporha";"Crystal Palace";2;5;0;0;0;0;0;0;0.07;0.07;0;0;0;0;0;1.3;1.3
532;"Harry Clarke";"Ipswich";7;378;0;0;0;0.06;0.06;0.07;1.27;1.27;0.01;0.01;0.02;0.03;0.03;0.3;0.3
533;"Ryan Manning";"Southampton";24;1495;0;0;1;0.34;0.34;3.37;5.23;4;0.02;0.02;0.2;0.22;0.22;0.32;0.24
534;"Pedro Lima";"Wolverhampton Wanderers";3;68;0;0;0;0.05;0.05;0.07;0.14;0.05;0.07;0.07;0.1;0.16;0.16;0.18;0.07
535;"Jahmai Simpson-Pusey";"Manchester City";2;94;0;0;0;0;0;0;1.01;1.01;0;0;0;0;0;0.97;0.97
536;"Thiago";"Brentford";8;148;0;0;0;0.11;0.11;0.11;0.67;0.44;0.07;0.07;0.07;0.14;0.14;0.41;0.27
537;"Ronnie Edwards";"Southampton";1;7;0;0;0;0;0;0;0;0;0;0;0;0;0;0;0
538;"Ben Winterburn";"Bournemouth";4;17;0;0;0;0;0;0;0.02;0.02;0;0;0;0;0;0.09;0.09
539;"Jakub Stolarczyk";"Leicester";10;900;0;0;0;0;0;0;1.89;1.89;0;0;0;0;0;0.19;0.19
540;"Will Alves";"Leicester";1;1;0;0;0;0;0;0;0;0;0;0;0;0;0;0;0
541;"Remy Rees-Dottin";"Bournemouth";1;1;0;0;0;0;0;0;0;0;0;0;0;0;0;0;0
542;"Antonín Kinsky";"Tottenham";6;540;0;0;0;0;0;0.22;1.16;1.16;0;0;0.04;0.04;0.04;0.19;0.19
543;"Zain Silcott-Duberry";"Bournemouth";1;1;0;0;0;0;0;0;0;0;0;0;0;0;0;0;0
544;"Vitor Reis";"Manchester City";1;1;0;0;0;0;0;0;0;0;0;0;0;0;0;0;0
545;"Andrés García";"Aston Villa";7;325;0;0;0;0.04;0.04;0.27;1.42;1.24;0.01;0.01;0.07;0.08;0.08;0.39;0.34
546;"Welington";"Southampton";10;481;0;0;0;0.04;0.04;0.07;0.4;0.33;0.01;0.01;0.01;0.02;0.02;0.08;0.06
547;"Eiran Cashin";"Brighton";2;18;0;0;0;0;0;0;0.01;0.01;0;0;0;0;0;0.05;0.05
548;"Nasser Djiga";"Wolverhampton Wanderers";5;65;0;0;0;0;0;0;0.08;0.08;0;0;0;0;0;0.1;0.1
549;"Chido Obi-Martin";"Manchester United";7;145;0;0;0;0.56;0.56;0;0.86;0.34;0.35;0.35;0;0.35;0.35;0.53;0.21
550;"Tyler Fredricson";"Manchester United";2;170;0;0;0;0;0;0;0.29;0.29;0;0;0;0;0;0.16;0.16
551;"Julio Soler";"Bournemouth";3;7;0;0;0;0;0;0;0;0;0;0;0;0;0;0;0
552;"Shumaira Mheuka";"Chelsea";1;1;0;0;0;0.03;0.03;0;0;0;2.25;2.25;0;2.25;2.25;0;0
553;"Mateus Mané";"Wolverhampton Wanderers";1;1;0;0;0;0;0;0;0;0;0;0;0;0;0;0;0
554;"Jeremy Monga";"Leicester";7;77;0;0;0;0.21;0.21;0.02;0.31;0.09;0.24;0.24;0.02;0.26;0.26;0.37;0.1
555;"Jay Robinson";"Southampton";4;122;0;0;0;0.06;0.06;0.68;0.87;0.14;0.04;0.04;0.5;0.54;0.54;0.64;0.1
556;"Harry Howell";"Brighton";1;4;0;0;0;0;0;0;0.01;0.01;0;0;0;0;0;0.32;0.32
557;"Jake Evans";"Leicester";4;12;0;0;0;0;0;0;0;0;0;0;0;0;0;0;0
558;"Olabade Aluko";"Leicester";1;1;0;0;0;0;0;0;0;0;0;0;0;0;0;0;0
559;"Gustavo Nunes";"Brentford";3;8;0;0;0;0;0;0;0;0;0;0;0;0;0;0;0
560;"Michael Golding";"Leicester";1;1;0;0;0;0;0;0;0;0;0;0;0;0;0;0;0
561;"Joachim Kayi-Sanda";"Southampton";2;9;0;0;0;0;0;0;0.14;0.14;0;0;0;0;0;1.36;1.36
562;"Claudio Echeverri";"Manchester City";1;4;0;0;0;0;0;0;0;0;0;0;0;0;0;0;0
